Buenos Aires;Adolfo Alsina
Buenos Aires;Adolfo Gonzáles Chaves
Buenos Aires;Alberti
Buenos Aires;Almirante Brown
Buenos Aires;Arrecifes
Buenos Aires;Avellaneda
Buenos Aires;Ayacucho
Buenos Aires;Azul
Buenos Aires;Bahía Blanca
Buenos Aires;Balcarce
Buenos Aires;Baradero
Buenos Aires;Benito Juárez
Buenos Aires;Berazategui
Buenos Aires;Berisso
Buenos Aires;Bolívar
Buenos Aires;Bragado
Buenos Aires;Brandsen
Buenos Aires;Campana
Buenos Aires;Cañuelas
Buenos Aires;Capitán Sarmiento
Buenos Aires;Carlos Casares
Buenos Aires;Carlos Tejedor
Buenos Aires;Carmen de Areco
Buenos Aires;Castelli
Buenos Aires;Chacabuco
Buenos Aires;Chascomús
Buenos Aires;Chivilcoy
Buenos Aires;Colón
Buenos Aires;Coronel Dorrego
Buenos Aires;Coronel Pringles
Buenos Aires;Coronel Rosales
Buenos Aires;Coronel Suárez
Buenos Aires;Daireaux
Buenos Aires;Dolores
Buenos Aires;Ensenada
Buenos Aires;Escobar
Buenos Aires;Esteban Echeverríar
Buenos Aires;Exaltación de la Cruz
Buenos Aires;Ezeiza
Buenos Aires;Florencio Varela
Buenos Aires;Florentino Ameghino
Buenos Aires;General Alvarado
Buenos Aires;General Alvear
Buenos Aires;General Arenales
Buenos Aires;General Belgrano
Buenos Aires;General Guido
Buenos Aires;General La Madrid
Buenos Aires;General Las Heras
Buenos Aires;General Lavalle
Buenos Aires;General Madariaga
Buenos Aires;General Paz
Buenos Aires;General Pinto
Buenos Aires;General Pueyrredón
Buenos Aires;General Rodríguez
Buenos Aires;General San Martín
Buenos Aires;General Viamonte
Buenos Aires;General Villegas
Buenos Aires;Guaminí
Buenos Aires;Hipólito Yrigoyen
Buenos Aires;Hurlingham
Buenos Aires;Ituzaingó
Buenos Aires;José C. Paz
Buenos Aires;Junín
Buenos Aires;La Costa
Buenos Aires;La Matanza
Buenos Aires;La Plata
Buenos Aires;Lanús
Buenos Aires;Laprida
Buenos Aires;Las Flores
Buenos Aires;Leandro N. Alem
Buenos Aires;Lezama
Buenos Aires;Lincoln
Buenos Aires;Lobería
Buenos Aires;Lobos
Buenos Aires;Lomas de Zamora
Buenos Aires;Luján
Buenos Aires;Magdalena
Buenos Aires;Maipú
Buenos Aires;Malvinas Argentinas
Buenos Aires;Mar Chiquita
Buenos Aires;Mar del Plata
Buenos Aires;Marcos Paz
Buenos Aires;Mercedes
Buenos Aires;Merlo
Buenos Aires;Monte
Buenos Aires;Monte Hermoso
Buenos Aires;Moreno
Buenos Aires;Morón
Buenos Aires;Navarro
Buenos Aires;Necochea
Buenos Aires;Nueve de Julio
Buenos Aires;Olavarría
Buenos Aires;Patagones
Buenos Aires;Pehuajó
Buenos Aires;Pellegrini
Buenos Aires;Pergamino
Buenos Aires;Pila
Buenos Aires;Pilar
Buenos Aires;Pinamar
Buenos Aires;Presidente Perón
Buenos Aires;Puan
Buenos Aires;Punta Indio
Buenos Aires;Quilmes
Buenos Aires;Ramallo
Buenos Aires;Rauch
Buenos Aires;Rivadavia
Buenos Aires;Rojas
Buenos Aires;Roque Pérez
Buenos Aires;Saavedra
Buenos Aires;Saladillo
Buenos Aires;Salliqueló
Buenos Aires;Salto
Buenos Aires;San Andrés de Giles
Buenos Aires;San Antonio de Areco
Buenos Aires;San Cayetano
Buenos Aires;San Fernando
Buenos Aires;San Isidro
Buenos Aires;San Miguel
Buenos Aires;San Nicolás
Buenos Aires;San Pedro
Buenos Aires;San Vicente
Buenos Aires;Suipacha
Buenos Aires;Tandil
Buenos Aires;Tapalqué
Buenos Aires;Tigre
Buenos Aires;Tordillo
Buenos Aires;Tornquist
Buenos Aires;Trenque Lauquen
Buenos Aires;Tres Arroyos
Buenos Aires;Tres de Febrero
Buenos Aires;Tres Lomas
Buenos Aires;Veinticinco de Mayo
Buenos Aires;Vicente López
Buenos Aires;Villa Gesell
Buenos Aires;Villarino
Buenos Aires;Zárate
Catamarca;Ancasti
Catamarca;Andalgalá
Catamarca;Antofagasta de la Sierra
Catamarca;Capayán
Catamarca;Departamento de Ambato
Catamarca;Departamento de Ancasti
Catamarca;Departamento de Andalgalá
Catamarca;Departamento de Antofagasta de la Sierra
Catamarca;Departamento de Capayán
Catamarca;Departamento de Capital
Catamarca;Departamento de El Alto
Catamarca;Departamento de Fray Mamerto Esquiú
Catamarca;Departamento de La Paz
Catamarca;Departamento de Pomán
Catamarca;Departamento de Santa María
Catamarca;Departamento de Santa Rosa
Catamarca;Departamento de Tinogasta
Catamarca;Departamento de Valle Viejo
Catamarca;El Rodeo
Catamarca;Fiambalá
Catamarca;Hualfín
Catamarca;Huillapima
Catamarca;Icaño
Catamarca;La Puerta de San José
Catamarca;Londres
Catamarca;Los Altos
Catamarca;Los Varela
Catamarca;Mutquín
Catamarca;Pomán
Catamarca;Puerta de Corral Quemado
Catamarca;Recreo
Catamarca;San Antonio
Catamarca;San Fernando del Valle de Catamarca
Catamarca;Santa María
Catamarca;Tinogasta
Chaco;Aviá Terai
Chaco;Barranqueras
Chaco;Basail
Chaco;Campo Largo
Chaco;Capitán Solari
Chaco;Castelli
Chaco;Charadai
Chaco;Charata
Chaco;Chorotis
Chaco;Ciervo Petiso
Chaco;Colonia Benítez
Chaco;Colonia Elisa
Chaco;Colonias Unidas
Chaco;Concepción del Bermejo
Chaco;Coronel Du Graty
Chaco;Corzuela
Chaco;Coté-Lai
Chaco;Departamento de Almirante Brown
Chaco;Departamento de Bermejo
Chaco;Departamento de Comandante Fernández
Chaco;Departamento de Doce de Octubre
Chaco;Departamento de Dos de Abril
Chaco;Departamento de General Donovan
Chaco;Departamento de General Güemes
Chaco;Departamento de Independencia
Chaco;Departamento de Libertad
Chaco;Departamento de Maipú
Chaco;Departamento de Nueve de Julio
Chaco;Departamento de O’Higgins
Chaco;Departamento de Presidencia de la Plaza
Chaco;Departamento de Quitilipi
Chaco;Departamento de San Fernando
Chaco;Departamento de San Lorenzo
Chaco;Departamento de Sargento Cabral
Chaco;Departamento de Tapenagá
Chaco;Fontana
Chaco;Gancedo
Chaco;General José de San Martín
Chaco;General Pinedo
Chaco;General Vedia
Chaco;Hermoso Campo
Chaco;La Clotilde
Chaco;La Eduvigis
Chaco;La Escondida
Chaco;La Leonesa
Chaco;La Tigra
Chaco;La Verde
Chaco;Laguna Limpia
Chaco;Lapachito
Chaco;Las Breñas
Chaco;Las Garcitas
Chaco;Los Frentones
Chaco;Machagai
Chaco;Makallé
Chaco;Margarita Belén
Chaco;Napenay
Chaco;Pampa Almirón
Chaco;Pampa del Indio
Chaco;Pampa del Infierno
Chaco;Presidencia de la Plaza
Chaco;Presidencia Roca
Chaco;Presidencia Roque Sáenz Peña
Chaco;Puerto Bermejo
Chaco;Puerto Tirol
Chaco;Puerto Vilelas
Chaco;Quitilipi
Chaco;Resistencia
Chaco;Samuhú
Chaco;San Bernardo
Chaco;Santa Sylvina
Chaco;Taco Pozo
Chaco;Tres Isletas
Chaco;Villa Ángela
Chaco;Villa Berthet
Chubut;Alto Río Senguer
Chubut;Camarones
Chubut;Comodoro Rivadavia
Chubut;Departamento de Biedma
Chubut;Departamento de Cushamen
Chubut;Departamento de Escalante
Chubut;Departamento de Florentino Ameghino
Chubut;Departamento de Futaleufú
Chubut;Departamento de Gaimán
Chubut;Departamento de Gastre
Chubut;Departamento de Languiñeo
Chubut;Departamento de Mártires
Chubut;Departamento de Paso de Indios
Chubut;Departamento de Rawson
Chubut;Departamento de Río Senguerr
Chubut;Departamento de Sarmiento
Chubut;Departamento de Tehuelches
Chubut;Departamento de Telsen
Chubut;Dolavón
Chubut;El Maitén
Chubut;Esquel
Chubut;Gaimán
Chubut;Gastre
Chubut;Gobernador Costa
Chubut;Hoyo de Epuyén
Chubut;José de San Martín
Chubut;Lago Puelo
Chubut;Las Plumas
Chubut;Puerto Madryn
Chubut;Rada Tilly
Chubut;Rawson
Chubut;Río Mayo
Chubut;Río Pico
Chubut;Sarmiento
Chubut;Tecka
Chubut;Trelew
Chubut;Trevelin
Ciudad Autónoma de Buenos Aires;Agronomía
Ciudad Autónoma de Buenos Aires;Almagro
Ciudad Autónoma de Buenos Aires;Balvanera
Ciudad Autónoma de Buenos Aires;Barracas
Ciudad Autónoma de Buenos Aires;Belgrano
Ciudad Autónoma de Buenos Aires;Boedo
Ciudad Autónoma de Buenos Aires;Caballito
Ciudad Autónoma de Buenos Aires;Chacarita
Ciudad Autónoma de Buenos Aires;Coghlan
Ciudad Autónoma de Buenos Aires;Colegiales
Ciudad Autónoma de Buenos Aires;Constitución
Ciudad Autónoma de Buenos Aires;Flores
Ciudad Autónoma de Buenos Aires;Floresta
Ciudad Autónoma de Buenos Aires;La Boca
Ciudad Autónoma de Buenos Aires;La Paternal
Ciudad Autónoma de Buenos Aires;Liniers
Ciudad Autónoma de Buenos Aires;Mataderos
Ciudad Autónoma de Buenos Aires;Monserrat
Ciudad Autónoma de Buenos Aires;Monte Castro
Ciudad Autónoma de Buenos Aires;Nueva Pompeya
Ciudad Autónoma de Buenos Aires;Núñez
Ciudad Autónoma de Buenos Aires;Palermo
Ciudad Autónoma de Buenos Aires;Parque Avellaneda
Ciudad Autónoma de Buenos Aires;Parque Chacabuco
Ciudad Autónoma de Buenos Aires;Parque Chas
Ciudad Autónoma de Buenos Aires;Parque Patricios
Ciudad Autónoma de Buenos Aires;Puerto Madero
Ciudad Autónoma de Buenos Aires;Recoleta
Ciudad Autónoma de Buenos Aires;Retiro
Ciudad Autónoma de Buenos Aires;Saavedra
Ciudad Autónoma de Buenos Aires;San Cristóbal
Ciudad Autónoma de Buenos Aires;San Nicolás
Ciudad Autónoma de Buenos Aires;San Telmo
Ciudad Autónoma de Buenos Aires;Vélez Sársfield
Ciudad Autónoma de Buenos Aires;Versalles
Ciudad Autónoma de Buenos Aires;Villa Crespo
Ciudad Autónoma de Buenos Aires;Villa del Parque
Ciudad Autónoma de Buenos Aires;Villa Devoto
Ciudad Autónoma de Buenos Aires;Villa General Mitre
Ciudad Autónoma de Buenos Aires;Villa Lugano
Ciudad Autónoma de Buenos Aires;Villa Luro
Ciudad Autónoma de Buenos Aires;Villa Ortúzar
Ciudad Autónoma de Buenos Aires;Villa Pueyrredón
Ciudad Autónoma de Buenos Aires;Villa Real
Ciudad Autónoma de Buenos Aires;Villa Riachuelo
Ciudad Autónoma de Buenos Aires;Villa Santa Rita
Ciudad Autónoma de Buenos Aires;Villa Soldati
Ciudad Autónoma de Buenos Aires;Villa Urquiza
Córdoba;Achiras
Córdoba;Adelia María
Córdoba;Agua de Oro
Córdoba;Alejandro Roca
Córdoba;Alejo Ledesma
Córdoba;Almafuerte
Córdoba;Alta Gracia
Córdoba;Altos de Chipión
Córdoba;Arias
Córdoba;Arroyito
Córdoba;Arroyo Cabral
Córdoba;Balnearia
Córdoba;Bell Ville
Córdoba;Berrotarán
Córdoba;Brinkmann
Córdoba;Buchardo
Córdoba;Camilo Aldao
Córdoba;Canals
Córdoba;Cañada de Luque
Córdoba;Capilla del Monte
Córdoba;Carnerillo
Córdoba;Carrilobo
Córdoba;Cavanagh
Córdoba;Charras
Córdoba;Chazón
Córdoba;Cintra
Córdoba;Colonia La Tordilla
Córdoba;Colonia San Bartolomé
Córdoba;Córdoba
Córdoba;Coronel Baigorria
Córdoba;Coronel Moldes
Córdoba;Corral de Bustos
Córdoba;Corralito
Córdoba;Cosquín
Córdoba;Costa Sacate
Córdoba;Cruz Alta
Córdoba;Cruz del Eje
Córdoba;Cuesta Blanca
Córdoba;Dalmacio Vélez Sársfield
Córdoba;Deán Funes
Córdoba;Del Campillo
Córdoba;Departamento de Calamuchita
Córdoba;Departamento de Colón
Córdoba;Departamento de Cruz del Eje
Córdoba;Departamento de General Roca
Córdoba;Departamento de General San Martín
Córdoba;Departamento de Juárez Celman
Córdoba;Departamento de Marcos Juárez
Córdoba;Departamento de Minas
Córdoba;Departamento de Presidente Roque Sáenz Peña
Córdoba;Departamento de Río Cuarto
Córdoba;Departamento de Río Primero
Córdoba;Departamento de Río Seco
Córdoba;Departamento de Río Segundo
Córdoba;Departamento de San Alberto
Córdoba;Departamento de San Javier
Córdoba;Departamento de San Justo
Córdoba;Departamento de Sobremonte
Córdoba;Departamento de Totoral
Córdoba;Departamento de Tulumba
Córdoba;Departamento de Unión
Córdoba;Despeñaderos
Córdoba;Devoto
Córdoba;El Arañado
Córdoba;El Tío
Córdoba;Elena
Córdoba;Embalse
Córdoba;Etruria
Córdoba;General Baldissera
Córdoba;General Cabrera
Córdoba;General Levalle
Córdoba;General Roca
Córdoba;Guatimozín
Córdoba;Hernando
Córdoba;Huanchillas
Córdoba;Huerta Grande
Córdoba;Huinca Renancó
Córdoba;Idiazábal
Córdoba;Inriville
Córdoba;Isla Verde
Córdoba;Italó
Córdoba;James Craik
Córdoba;Jesús María
Córdoba;Justiniano Posse
Córdoba;La Calera
Córdoba;La Carlota
Córdoba;La Cesira
Córdoba;La Cumbre
Córdoba;La Falda
Córdoba;La Francia
Córdoba;La Granja
Córdoba;La Para
Córdoba;La Playosa
Córdoba;Laborde
Córdoba;Laboulaye
Córdoba;Laguna Larga
Córdoba;Las Acequias
Córdoba;Las Higueras
Córdoba;Las Junturas
Córdoba;Las Perdices
Córdoba;Las Varas
Córdoba;Las Varillas
Córdoba;Leones
Córdoba;Los Cocos
Córdoba;Los Cóndores
Córdoba;Los Surgentes
Córdoba;Malagueño
Córdoba;Malvinas Argentinas
Córdoba;Marcos Juárez
Córdoba;Marull
Córdoba;Mattaldi
Córdoba;Mendiolaza
Córdoba;Mina Clavero
Córdoba;Miramar
Córdoba;Monte Buey
Córdoba;Monte Cristo
Córdoba;Monte Maíz
Córdoba;Morrison
Córdoba;Morteros
Córdoba;Noetinger
Córdoba;Obispo Trejo
Córdoba;Oliva
Córdoba;Oncativo
Córdoba;Ordóñez
Córdoba;Pascanas
Córdoba;Pasco
Córdoba;Pilar
Córdoba;Piquillín
Córdoba;Porteña
Córdoba;Pozo del Molle
Córdoba;Quilino
Córdoba;Río Ceballos
Córdoba;Río Cuarto
Córdoba;Río Segundo
Córdoba;Río Tercero
Córdoba;Sacanta
Córdoba;Saldán
Córdoba;Salsacate
Córdoba;Salsipuedes
Córdoba;Sampacho
Córdoba;San Agustín
Córdoba;San Antonio de Litín
Córdoba;San Basilio
Córdoba;San Carlos
Córdoba;San Francisco
Córdoba;San Francisco del Chañar
Córdoba;San José de la Dormida
Córdoba;Santa Eufemia
Córdoba;Santa Magdalena
Córdoba;Santa Rosa de Calamuchita
Córdoba;Santa Rosa de Río Primero
Córdoba;Santiago Temple
Córdoba;Saturnino M. Laspiur
Córdoba;Sebastián Elcano
Córdoba;Serrano
Córdoba;Serrezuela
Córdoba;Tancacha
Córdoba;Ticino
Córdoba;Tío Pujio
Córdoba;Toledo
Córdoba;Ucacha
Córdoba;Unquillo
Córdoba;Valle Hermoso
Córdoba;Viamonte
Córdoba;Vicuña Mackenna
Córdoba;Villa Allende
Córdoba;Villa Ascasubi
Córdoba;Villa Berna
Córdoba;Villa Carlos Paz
Córdoba;Villa Concepción del Tío
Córdoba;Villa Cura Brochero
Córdoba;Villa de Soto
Córdoba;Villa del Dique
Córdoba;Villa del Rosario
Córdoba;Villa del Totoral
Córdoba;Villa Dolores
Córdoba;Villa General Belgrano
Córdoba;Villa Giardino
Córdoba;Villa Huidobro
Córdoba;Villa Las Rosas
Córdoba;Villa María
Córdoba;Villa Nueva
Córdoba;Villa Reducción
Córdoba;Villa Rumipal
Córdoba;Villa Tulumba
Córdoba;Villa Valeria
Córdoba;Wenceslao Escalante
Corrientes;Alvear
Corrientes;Berón de Astrada
Corrientes;Bonpland
Corrientes;Chavarría
Corrientes;Concepción
Corrientes;Corrientes
Corrientes;Cruz de los Milagros
Corrientes;Curuzú Cuatiá
Corrientes;Departamento de Bella Vista
Corrientes;Departamento de Berón de Astrada
Corrientes;Departamento de Capital
Corrientes;Departamento de Concepción
Corrientes;Departamento de Curuzú Cuatiá
Corrientes;Departamento de Empedrado
Corrientes;Departamento de Esquina
Corrientes;Departamento de General Alvear
Corrientes;Departamento de General Paz
Corrientes;Departamento de Goya
Corrientes;Departamento de Itatí
Corrientes;Departamento de Ituzaingó
Corrientes;Departamento de Lavalle
Corrientes;Departamento de Mburucuyá
Corrientes;Departamento de Mercedes
Corrientes;Departamento de Monte Caseros
Corrientes;Departamento de Paso de los Libres
Corrientes;Departamento de Saladas
Corrientes;Departamento de San Cosme
Corrientes;Departamento de San Luis del Palmar
Corrientes;Departamento de San Martín
Corrientes;Departamento de San Miguel
Corrientes;Departamento de San Roque
Corrientes;Departamento de Santo Tomé
Corrientes;Departamento de Sauce
Corrientes;Empedrado
Corrientes;Esquina
Corrientes;Felipe Yofré
Corrientes;Garruchos
Corrientes;Gobernador Juan E. Martínez
Corrientes;Gobernador Virasora
Corrientes;Goya
Corrientes;Herlitzka
Corrientes;Itá Ibaté
Corrientes;Itatí
Corrientes;Ituzaingó
Corrientes;Juan Pujol
Corrientes;La Cruz
Corrientes;Libertad
Corrientes;Lomas de Vallejos
Corrientes;Loreto
Corrientes;Mariano I. Loza
Corrientes;Mburucuyá
Corrientes;Mercedes
Corrientes;Mocoretá
Corrientes;Monte Caseros
Corrientes;Nuestra Señora del Rosario de Caa Catí
Corrientes;Nueve de Julio
Corrientes;Palmar Grande
Corrientes;Paso de la Patria
Corrientes;Paso de los Libres
Corrientes;Pedro R. Fernández
Corrientes;Perugorría
Corrientes;Pueblo Libertador
Corrientes;Riachuelo
Corrientes;Saladas
Corrientes;San Carlos
Corrientes;San Cosme
Corrientes;San Lorenzo
Corrientes;San Luis del Palmar
Corrientes;San Miguel
Corrientes;Santa Lucía
Corrientes;Santa Rosa
Corrientes;Santo Tomé
Corrientes;Yapeyú
Corrientes;Yataity Calle
Entre Ríos;Aldea San Antonio
Entre Ríos;Aranguren
Entre Ríos;Bovril
Entre Ríos;Caseros
Entre Ríos;Ceibas
Entre Ríos;Chajarí
Entre Ríos;Colón
Entre Ríos;Colonia Elía
Entre Ríos;Concepción del Uruguay
Entre Ríos;Concordia
Entre Ríos;Conscripto Bernardi
Entre Ríos;Crespo
Entre Ríos;Departamento de Gualeguaychú
Entre Ríos;Departamento de Paraná
Entre Ríos;Diamante
Entre Ríos;Domínguez
Entre Ríos;Federación
Entre Ríos;Federal
Entre Ríos;General Campos
Entre Ríos;General Galarza
Entre Ríos;General Ramírez
Entre Ríos;Gobernador Mansilla
Entre Ríos;Gualeguay
Entre Ríos;Gualeguaychú
Entre Ríos;Hasenkamp
Entre Ríos;Hernández
Entre Ríos;Herrera
Entre Ríos;La Criolla
Entre Ríos;La Paz
Entre Ríos;Larroque
Entre Ríos;Los Charrúas
Entre Ríos;Los Conquistadores
Entre Ríos;Lucas González
Entre Ríos;Maciá
Entre Ríos;Nogoyá
Entre Ríos;Oro Verde
Entre Ríos;Paraná
Entre Ríos;Piedras Blancas
Entre Ríos;Pronunciamiento
Entre Ríos;Puerto Ibicuy
Entre Ríos;Puerto Yeruá
Entre Ríos;Rosario del Tala
Entre Ríos;San Benito
Entre Ríos;San Gustavo
Entre Ríos;San José de Feliciano
Entre Ríos;San Justo
Entre Ríos;San Salvador
Entre Ríos;Santa Ana
Entre Ríos;Santa Anita
Entre Ríos;Santa Elena
Entre Ríos;Sauce de Luna
Entre Ríos;Seguí
Entre Ríos;Tabossi
Entre Ríos;Ubajay
Entre Ríos;Urdinarrain
Entre Ríos;Viale
Entre Ríos;Victoria
Entre Ríos;Villa del Rosario
Entre Ríos;Villa Elisa
Entre Ríos;Villa Hernandarias
Entre Ríos;Villa Mantero
Entre Ríos;Villa María Grande
Entre Ríos;Villa Paranacito
Entre Ríos;Villa Urquiza
Entre Ríos;Villaguay
Formosa;Clorinda
Formosa;Comandante Fontana
Formosa;Departamento de Pilcomayo
Formosa;El Colorado
Formosa;Estanislao del Campo
Formosa;Formosa
Formosa;General Enrique Mosconi
Formosa;Herradura
Formosa;Ibarreta
Formosa;Ingeniero Guillermo N. Juárez
Formosa;Laguna Naick-Neck
Formosa;Laguna Yema
Formosa;Las Lomitas
Formosa;Palo Santo
Formosa;Pirané
Formosa;Pozo del Tigre
Formosa;Riacho Eh-Eh
Formosa;San Francisco de Laishí
Formosa;Villa Escolar
Formosa;Villa General Guemes
Jujuy;Abra Pampa
Jujuy;Caimancito
Jujuy;Calilegua
Jujuy;Departamento de Cochinoca
Jujuy;Departamento de Rinconada
Jujuy;Departamento de Tumbaya
Jujuy;El Aguilar
Jujuy;Fraile Pintado
Jujuy;Humahuaca
Jujuy;Ingenio La Esperanza
Jujuy;La Mendieta
Jujuy;La Quiaca
Jujuy;Libertador General San Martín
Jujuy;Maimará
Jujuy;Palma Sola
Jujuy;Palpalá
Jujuy;San Pedro de Jujuy
Jujuy;San Salvador de Jujuy
Jujuy;Santa Clara
Jujuy;Tilcara
Jujuy;Yuto
La Pampa;Alpachiri
La Pampa;Alta Italia
La Pampa;Anguil
La Pampa;Arata
La Pampa;Bernardo Larroudé
La Pampa;Bernasconi
La Pampa;Caleufú
La Pampa;Catriló
La Pampa;Colonia Barón
La Pampa;Departamento de Caleu-Caleu
La Pampa;Departamento de Toay
La Pampa;Doblas
La Pampa;Eduardo Castex
La Pampa;Embajador Martini
La Pampa;General Acha
La Pampa;General Manuel J. Campos
La Pampa;General Pico
La Pampa;General San Martín
La Pampa;Guatraché
La Pampa;Ingeniero Luiggi
La Pampa;Intendente Alvear
La Pampa;Jacinto Arauz
La Pampa;La Adela
La Pampa;La Maruja
La Pampa;Lonquimay
La Pampa;Macachín
La Pampa;Miguel Riglos
La Pampa;Parera
La Pampa;Quemú Quemú
La Pampa;Rancul
La Pampa;Realicó
La Pampa;Santa Isabel
La Pampa;Santa Rosa
La Pampa;Telén
La Pampa;Trenel
La Pampa;Uriburu
La Pampa;Veinticinco de Mayo
La Pampa;Victorica
La Pampa;Winifreda
La Rioja;Arauco
La Rioja;Castro Barros
La Rioja;Chamical
La Rioja;Chilecito
La Rioja;Departamento de Arauco
La Rioja;Departamento de General Lamadrid
La Rioja;Departamento de Independencia
La Rioja;La Rioja
La Rioja;Villa Bustos
La Rioja;Vinchina
Mendoza;Departamento de Capital
Mendoza;Departamento de General Alvear
Mendoza;Departamento de Godoy Cruz
Mendoza;Departamento de Guaymallén
Mendoza;Departamento de La Paz
Mendoza;Departamento de Las Heras
Mendoza;Departamento de Lavalle
Mendoza;Departamento de Luján
Mendoza;Departamento de Maipú
Mendoza;Departamento de Malargüe
Mendoza;Departamento de Rivadavia
Mendoza;Departamento de San Carlos
Mendoza;Departamento de San Martín
Mendoza;Departamento de San Rafael
Mendoza;Departamento de Santa Rosa
Mendoza;Departamento de Tunuyán
Mendoza;Departamento de Tupungato
Mendoza;Godoy Cruz
Mendoza;Las Heras
Mendoza;Mendoza
Mendoza;San Martín
Mendoza;San Rafael
Misiones;Alba Posse
Misiones;Almafuerte
Misiones;Aristóbulo del Valle
Misiones;Arroyo del Medio
Misiones;Azara
Misiones;Bernardo de Irigoyen
Misiones;Bonpland
Misiones;Campo Grande
Misiones;Campo Ramón
Misiones;Campo Viera
Misiones;Candelaria
Misiones;Capioví
Misiones;Caraguatay
Misiones;Cerro Azul
Misiones;Cerro Corá
Misiones;Colonia Aurora
Misiones;Concepción de la Sierra
Misiones;Departamento de Apóstoles
Misiones;Departamento de Cainguás
Misiones;Departamento de Candelaria
Misiones;Departamento de Capital
Misiones;Departamento de Concepción de la Sierra
Misiones;Departamento de Eldorado
Misiones;Departamento de General Manuel Belgrano
Misiones;Departamento de Guaraní
Misiones;Departamento de Iguazú
Misiones;Departamento de Leandro N. Alem
Misiones;Departamento de Libertador General San Martín
Misiones;Departamento de Montecarlo
Misiones;Departamento de Oberá
Misiones;Departamento de San Ignacio
Misiones;Departamento de San Javier
Misiones;Departamento de San Pedro
Misiones;Departamento de Veinticinco de Mayo
Misiones;Dos Arroyos
Misiones;Dos de Mayo
Misiones;El Alcázar
Misiones;El Soberbio
Misiones;Florentino Ameghino
Misiones;Garuhapé
Misiones;Garupá
Misiones;General Alvear
Misiones;Gobernador Roca
Misiones;Guaraní
Misiones;Jardín América
Misiones;Loreto
Misiones;Los Helechos
Misiones;Mártires
Misiones;Mojón Grande
Misiones;Montecarlo
Misiones;Oberá
Misiones;Panambí
Misiones;Picada Gobernador López
Misiones;Posadas
Misiones;Puerto Eldorado
Misiones;Puerto Esperanza
Misiones;Puerto Iguazú
Misiones;Puerto Leoni
Misiones;Puerto Libertad
Misiones;Puerto Piray
Misiones;Puerto Rico
Misiones;Ruiz de Montoya
Misiones;San José
Misiones;San Pedro
Misiones;San Vicente
Misiones;Santa María
Misiones;Santo Pipó
Misiones;Tres Capones
Misiones;Veinticinco de Mayo
Misiones;Wanda
Neuquén;Aluminé
Neuquén;Andacollo
Neuquén;Añelo
Neuquén;Barrancas
Neuquén;Buta Ranquil
Neuquén;Centenario
Neuquén;Chos Malal
Neuquén;Cutral-Có
Neuquén;Departamento de Aluminé
Neuquén;Departamento de Añelo
Neuquén;Departamento de Catán-Lil
Neuquén;Departamento de Chos-Malal
Neuquén;Departamento de Collón-Curá
Neuquén;Departamento de Confluencia
Neuquén;Departamento de Lácar
Neuquén;Departamento de Minas
Neuquén;Departamento de Zapala
Neuquén;El Huecú
Neuquén;Junín de los Andes
Neuquén;Las Coloradas
Neuquén;Las Lajas
Neuquén;Las Ovejas
Neuquén;Loncopué
Neuquén;Mariano Moreno
Neuquén;Neuquén
Neuquén;Picún Leufú
Neuquén;Piedra del Águila
Neuquén;Plaza Huincul
Neuquén;Plottier
Neuquén;San Martín de los Andes
Neuquén;Senillosa
Neuquén;Villa La Angostura
Neuquén;Vista Alegre
Neuquén;Zapala
Río Negro;Allen
Río Negro;Catriel
Río Negro;Cervantes
Río Negro;Chichinales
Río Negro;Chimpay
Río Negro;Choele Choel
Río Negro;Cinco Saltos
Río Negro;Cipolletti
Río Negro;Comallo
Río Negro;Contraalmirante Cordero
Río Negro;Coronel Belisle
Río Negro;Darwin
Río Negro;Departamento de Avellaneda
Río Negro;Departamento de Veinticinco de Mayo
Río Negro;El Bolsón
Río Negro;El Cuy
Río Negro;Fray Luis Beltrán
Río Negro;General Conesa
Río Negro;General Enrique Godoy
Río Negro;General Fernández Oro
Río Negro;General Roca
Río Negro;Ingeniero Jacobacci
Río Negro;Ingeniero Luis A. Huergo
Río Negro;Lamarque
Río Negro;Los Menucos
Río Negro;Mainque
Río Negro;Maquinchao
Río Negro;Ñorquinco
Río Negro;Pilcaniyeu
Río Negro;Río Colorado
Río Negro;San Antonio Oeste
Río Negro;San Carlos de Bariloche
Río Negro;Sierra Colorada
Río Negro;Sierra Grande
Río Negro;Valcheta
Río Negro;Viedma
Río Negro;Villa Regina
Salta;Apolinario Saravia
Salta;Cachí
Salta;Cafayate
Salta;Campo Quijano
Salta;Chicoana
Salta;Departamento Capital
Salta;Departamento de Anta
Salta;Departamento de Cerrillos
Salta;Departamento de Chicoana
Salta;Departamento de General Güemes
Salta;Departamento de Guachipas
Salta;Departamento de Iruya
Salta;Departamento de La Poma
Salta;Departamento de La Viña
Salta;Departamento de Los Andes
Salta;Departamento de Metán
Salta;Departamento de Rivadavia
Salta;Departamento de Rosario de la Frontera
Salta;Departamento de Rosario de Lerma
Salta;Departamento de San Carlos
Salta;El Carril
Salta;El Galpón
Salta;El Quebrachal
Salta;Embarcación
Salta;General Enrique Mosconi
Salta;Joaquín V. González
Salta;La Caldera
Salta;Las Lajitas
Salta;Salta
Salta;San Antonio de los Cobres
Salta;San Ramón de la Nueva Orán
Salta;Santa Rosa de Tastil
Salta;Tartagal
San Juan;Albardón
San Juan;Calingasta
San Juan;Caucete
San Juan;Chimbas
San Juan;Departamento de Albardón
San Juan;Departamento de Angaco
San Juan;Departamento de Calingasta
San Juan;Departamento de Capital
San Juan;Departamento de Caucete
San Juan;Departamento de Chimbas
San Juan;Departamento de Iglesia
San Juan;Departamento de Jáchal
San Juan;Departamento de Nueve de Julio
San Juan;Departamento de Rawson
San Juan;Departamento de Rivadavia
San Juan;Departamento de San Martín
San Juan;Departamento de Santa Lucía
San Juan;Departamento de Sarmiento
San Juan;Departamento de Ullúm
San Juan;Departamento de Zonda
San Juan;Nueve de Julio
San Juan;Pocito
San Juan;San Agustín de Valle Fértil
San Juan;San José de Jáchal
San Juan;San Juan
San Juan;San Martín
San Juan;Santa Lucía
San Juan;Villa Basilio Nievas
San Juan;Villa Paula de Sarmiento
San Luis;Buena Esperanza
San Luis;Candelaria
San Luis;Concarán
San Luis;Juan Martín de Pueyrredón
San Luis;Justo Daract
San Luis;La Punta
San Luis;La Toma
San Luis;Luján
San Luis;Merlo
San Luis;Naschel
San Luis;San Francisco del Monte de Oro
San Luis;San Luis
San Luis;Santa Rosa del Conlara
San Luis;Tilisarao
San Luis;Unión
San Luis;Villa General Roca
San Luis;Villa Mercedes
Santa Cruz;28 de Noviembre
Santa Cruz;Caleta Olivia
Santa Cruz;Comandante Luis Piedra Buena
Santa Cruz;Departamento de Deseado
Santa Cruz;Departamento de Güer Aike
Santa Cruz;Departamento de Lago Argentino
Santa Cruz;Departamento de Magallanes
Santa Cruz;Departamento de Río Chico
Santa Cruz;El Calafate
Santa Cruz;Gobernador Gregores
Santa Cruz;Las Heras
Santa Cruz;Los Antiguos
Santa Cruz;Perito Moreno
Santa Cruz;Pico Truncado
Santa Cruz;Puerto Deseado
Santa Cruz;Puerto Santa Cruz
Santa Cruz;Río Gallegos
Santa Cruz;Río Turbio
Santa Cruz;San Julián
Santa Cruz;Yacimiento Río Turbio
Santa Fe;Armstrong
Santa Fe;Arroyo Seco
Santa Fe;Arrufó
Santa Fe;Avellaneda
Santa Fe;Bella Italia
Santa Fe;Calchaquí
Santa Fe;Cañada de Gómez
Santa Fe;Capitán Bermúdez
Santa Fe;Carcarañá
Santa Fe;Casilda
Santa Fe;Ceres
Santa Fe;Chañar Ladeado
Santa Fe;Coronda
Santa Fe;Departamento de Belgrano
Santa Fe;Departamento de Caseros
Santa Fe;Departamento de Castellanos
Santa Fe;Departamento de Constitución
Santa Fe;Departamento de La Capital
Santa Fe;Departamento de Nueve de Julio
Santa Fe;Departamento de San Cristóbal
Santa Fe;Departamento de San Javier
Santa Fe;Departamento de San Justo
Santa Fe;Departamento de San Lorenzo
Santa Fe;Departamento de San Martín
Santa Fe;Departamento de Vera
Santa Fe;El Trébol
Santa Fe;Esperanza
Santa Fe;Firmat
Santa Fe;Fray Luis A. Beltrán
Santa Fe;Funes
Santa Fe;Gálvez
Santa Fe;Gato Colorado
Santa Fe;Gobernador Gálvez
Santa Fe;Granadero Baigorria
Santa Fe;Helvecia
Santa Fe;Hersilia
Santa Fe;Iriondo Department
Santa Fe;Laguna Paiva
Santa Fe;Las Parejas
Santa Fe;Las Rosas
Santa Fe;Las Toscas
Santa Fe;Los Laureles
Santa Fe;Malabrigo
Santa Fe;Melincué
Santa Fe;Pérez
Santa Fe;Rafaela
Santa Fe;Reconquista
Santa Fe;Recreo
Santa Fe;Roldán
Santa Fe;Rosario
Santa Fe;Rufino
Santa Fe;San Carlos Centro
Santa Fe;San Cristóbal
Santa Fe;San Javier
Santa Fe;San Jorge
Santa Fe;San Justo
Santa Fe;Santa Fe
Santa Fe;Santo Tomé
Santa Fe;Sastre
Santa Fe;Sunchales
Santa Fe;Tacuarendí
Santa Fe;Tostado
Santa Fe;Totoras
Santa Fe;Venado Tuerto
Santa Fe;Vera
Santa Fe;Villa Cañás
Santa Fe;Villa Constitución
Santa Fe;Villa Mugueta
Santa Fe;Villa Ocampo
Santa Fe;Villa Trinidad
Santiago del Estero;Añatuya
Santiago del Estero;Beltrán
Santiago del Estero;Campo Gallo
Santiago del Estero;Clodomira
Santiago del Estero;Colonia Dora
Santiago del Estero;Departamento de Aguirre
Santiago del Estero;Departamento de Banda
Santiago del Estero;Departamento de Choya
Santiago del Estero;Departamento de Guasayán
Santiago del Estero;Departamento de Loreto
Santiago del Estero;Departamento de Moreno
Santiago del Estero;Departamento de Río Hondo
Santiago del Estero;Departamento de Robles
Santiago del Estero;Departamento de San Martín
Santiago del Estero;Departamento de Sarmiento
Santiago del Estero;El Hoyo
Santiago del Estero;La Banda
Santiago del Estero;Los Juríes
Santiago del Estero;Los Telares
Santiago del Estero;Pampa de los Guanacos
Santiago del Estero;Quimilí
Santiago del Estero;San Pedro
Santiago del Estero;Santiago del Estero
Santiago del Estero;Sumampa
Santiago del Estero;Suncho Corral
Santiago del Estero;Termas de Río Hondo
Santiago del Estero;Tintina
Santiago del Estero;Villa Atamisqui
Santiago del Estero;Villa General Mitre
Santiago del Estero;Villa Ojo de Agua
Tierra del Fuego;Río Grande
Tierra del Fuego;Tolhuin
Tierra del Fuego;Ushuaia
Tucumán;Aguilares
Tucumán;Alderetes
Tucumán;Bella Vista
Tucumán;Burruyacú
Tucumán;Departamento de Burruyacú
Tucumán;Departamento de Capital
Tucumán;Departamento de Cruz Alta
Tucumán;Departamento de Famaillá
Tucumán;Departamento de Graneros
Tucumán;Departamento de La Cocha
Tucumán;Departamento de Lules
Tucumán;Departamento de Monteros
Tucumán;Departamento de Río Chico
Tucumán;Departamento de Simoca
Tucumán;Departamento de Trancas
Tucumán;Departamento de Yerba Buena
Tucumán;Famaillá
Tucumán;Graneros
Tucumán;La Cocha
Tucumán;Monteros
Tucumán;San Miguel de Tucumán
Tucumán;Simoca
Tucumán;Tafí del Valle
Tucumán;Tafí Viejo
Tucumán;Trancas
Tucumán;Yerba Buena
